{"loss": [4.02194356918335, 3.9934260845184326, 3.9123432636260986, 3.8306968212127686, 3.7183852195739746, 3.4402756690979004, 3.09108304977417, 2.7497010231018066, 2.503267288208008, 2.268442153930664, 2.0445735454559326, 1.8597668409347534, 1.6950896978378296, 1.5402992963790894, 1.4082015752792358, 1.289662480354309, 1.1812067031860352, 1.082693099975586, 1.0143866539001465, 0.9436546564102173, 0.8802042007446289, 0.8084744811058044, 0.6299718022346497, 0.5781865119934082, 0.7851983904838562, 0.751883327960968, 0.7185758948326111, 0.6812106966972351, 0.5580203533172607, 0.5076647996902466, 4.015233039855957, 3.920898199081421, 3.811209201812744, 3.589787244796753, 3.204160690307617, 2.8253276348114014, 2.478959560394287, 2.1849887371063232, 1.9196717739105225, 1.6891968250274658, 1.506265640258789, 1.3530564308166504, 1.1980409622192383, 1.0685148239135742, 0.9490772485733032, 0.8721641302108765, 0.7816823124885559, 0.6002764701843262, 0.5409936904907227, 0.4993613362312317, 0.4729652404785156, 0.4486633837223053, 0.3712041974067688, 0.3465193808078766, 0.3307326138019562, 0.3179383873939514, 0.28282779455184937, 0.2669374644756317, 4.0060858726501465, 3.4219748973846436, 2.942845582962036, 2.48305082321167, 1.988836646080017, 1.5371894836425781, 1.2391078472137451, 1.0028051137924194, 0.8589803576469421, 0.7679325938224792, 0.6884070038795471, 0.654938817024231, 0.6269075870513916, 0.6177882552146912, 0.6007025837898254, 0.583386242389679, 0.5716539025306702, 0.5612351894378662, 0.562576174736023, 0.5503306984901428, 0.5458198189735413, 0.5448182225227356, 0.5336692333221436, 0.5317406058311462, 0.5354029536247253, 0.4607183337211609, 0.42743825912475586, 0.4129655659198761, 0.399553507566452, 0.38894128799438477, 0.37358206510543823, 0.364487886428833, 0.35198721289634705, 0.3368680477142334, 0.3311954438686371, 0.3201732933521271, 0.31334739923477173, 0.30769965052604675, 0.30682510137557983, 0.29181399941444397, 0.28620490431785583, 0.2735974192619324, 0.2640905976295471, 0.26038089394569397, 0.2564176917076111, 0.2538769543170929, 0.24748313426971436, 0.24639642238616943, 0.23930902779102325, 0.23802539706230164], "accuracy": [0.016785714775323868, 0.020779220387339592, 0.03207792341709137, 0.04230519384145737, 0.06071428582072258, 0.0873376652598381, 0.14639610052108765, 0.209188312292099, 0.2616558372974396, 0.31733766198158264, 0.3730844259262085, 0.423506498336792, 0.4662337601184845, 0.5096428394317627, 0.5543506741523743, 0.5931493639945984, 0.6223052144050598, 0.6547077894210815, 0.6765909194946289, 0.7018181681632996, 0.7199350595474243, 0.7450000047683716, 0.7991883158683777, 0.8160064816474915, 0.7436038851737976, 0.7602922320365906, 0.7686688303947449, 0.7832467555999756, 0.8211363554000854, 0.83655846118927, 0.021071428433060646, 0.03266233950853348, 0.04886363819241524, 0.07831168919801712, 0.12224026024341583, 0.18792207539081573, 0.2628896236419678, 0.33701297640800476, 0.40207791328430176, 0.4636038839817047, 0.5166233777999878, 0.5657142996788025, 0.6145129799842834, 0.6551623344421387, 0.6922078132629395, 0.7143181562423706, 0.7447077631950378, 0.8048701286315918, 0.8205844163894653, 0.8371428847312927, 0.8471428751945496, 0.8554545640945435, 0.8815584182739258, 0.8861038684844971, 0.8935389518737793, 0.8952597379684448, 0.9085389375686646, 0.9150649309158325, 0.04886363819241524, 0.1256818175315857, 0.2122727334499359, 0.32038959860801697, 0.45707792043685913, 0.5959740281105042, 0.6972078084945679, 0.7767207622528076, 0.8258116841316223, 0.8621428608894348, 0.8896428346633911, 0.9041558504104614, 0.9152922034263611, 0.9225649237632751, 0.9304220676422119, 0.9382792115211487, 0.9408116936683655, 0.9455195069313049, 0.9473376870155334, 0.9509090781211853, 0.9548051953315735, 0.9547078013420105, 0.9585389494895935, 0.9594805240631104, 0.9584090709686279, 0.9803571701049805, 0.9865259528160095, 0.9881493449211121, 0.9883117079734802, 0.9872727394104004, 0.9896103739738464, 0.9889285564422607, 0.989740252494812, 0.991428554058075, 0.989448070526123, 0.9911688566207886, 0.9904870390892029, 0.9896103739738464, 0.988246738910675, 0.9913961291313171, 0.9911688566207886, 0.9936038851737976, 0.9958117008209229, 0.9956818222999573, 0.9954545497894287, 0.9953246712684631, 0.996461033821106, 0.9957143068313599, 0.9968830943107605, 0.9958117008209229], "val_loss": [4.001803874969482, 3.9865007400512695, 3.8211147785186768, 3.785118579864502, 3.569310188293457, 3.42582631111145, 2.8994388580322266, 2.4902400970458984, 2.275113344192505, 2.1323435306549072, 1.9804025888442993, 1.8402185440063477, 1.6546930074691772, 1.765122413635254, 1.5180166959762573, 1.4763330221176147, 1.5845834016799927, 1.5735198259353638, 1.3540810346603394, 1.5512042045593262, 1.5326447486877441, 1.577634572982788, 1.4332751035690308, 1.402735710144043, 1.363792061805725, 1.717867136001587, 1.616006851196289, 1.6310145854949951, 1.368761658668518, 1.5088615417480469, 3.9750285148620605, 3.834068536758423, 3.8547580242156982, 3.4301187992095947, 2.9578957557678223, 2.58016037940979, 2.418905019760132, 2.6204686164855957, 1.8444455862045288, 1.8259378671646118, 1.7897874116897583, 1.6907848119735718, 1.5948188304901123, 1.4633535146713257, 1.482522964477539, 1.469653606414795, 1.7752323150634766, 1.4798170328140259, 1.310563325881958, 1.434019923210144, 1.5567017793655396, 1.4642406702041626, 1.3055334091186523, 1.3377009630203247, 1.36501145362854, 1.4857627153396606, 1.4712934494018555, 1.4893382787704468, 3.991889476776123, 3.3471171855926514, 2.780546188354492, 2.568690061569214, 1.8922368288040161, 1.5314688682556152, 1.6274325847625732, 1.5228830575942993, 1.2880041599273682, 1.4253087043762207, 1.3343769311904907, 1.25082528591156, 1.2392929792404175, 1.2908978462219238, 1.1533869504928589, 1.228455662727356, 1.2709553241729736, 1.3911771774291992, 1.3352923393249512, 1.0845133066177368, 1.2168349027633667, 1.3777152299880981, 1.3879306316375732, 1.1976943016052246, 1.4875695705413818, 1.1087937355041504, 0.992207944393158, 0.9866228103637695, 0.9733547568321228, 0.9404748678207397, 1.024915337562561, 0.9165998101234436, 0.9289461970329285, 0.8542190790176392, 0.9968823194503784, 0.8490201234817505, 0.9237299561500549, 0.8840451240539551, 0.9190974235534668, 0.9408701658248901, 1.1039347648620605, 0.8555802702903748, 0.781945526599884, 0.7723849415779114, 0.7702369093894958, 0.8156112432479858, 0.817691445350647, 0.8043058514595032, 0.7748801112174988, 0.8163632750511169],