{
    "roc_auc": 0.8636703274031413,
    "avg_precision": 0.21635510640694183,
    "best_f1": 0.27219028111885096,
    "best_threshold": 0.5043593645095825,
    "tar_at_far": {
        "0.001": 0.12356423619895765,
        "0.0001": 0.0498406112432323
    },
    "intra_class_mean": 0.40159568190574646,
    "inter_class_mean": 0.17490942776203156
}